species	aa	n_runs	mean_run_len	obs_risky_count	exp_risky_count	obs_risky_frac	exp_risky_frac	log2_enrichment_obs_over_exp
Apis_mellifera	A	343	8.626822	0	0.000000	0.000000	0.000000	0.000000
Apis_mellifera	D	51	9.588235	0	0.000000	0.000000	0.000000	0.000000
Apis_mellifera	E	594	8.144781	0	0.000000	0.000000	0.000000	0.000000
Apis_mellifera	F	3	6.000000	3	1.112000	1.000000	0.370667	1.431806
Apis_mellifera	G	582	8.864261	0	10.332000	0.000000	0.017753	-24.081525
Apis_mellifera	H	262	9.664122	0	0.000000	0.000000	0.000000	0.000000
Apis_mellifera	I	1	6.000000	0	0.000000	0.000000	0.000000	0.000000
Apis_mellifera	K	106	6.641509	12	63.584000	0.113208	0.599849	-2.405629
Apis_mellifera	L	22	7.409091	0	0.000000	0.000000	0.000000	0.000000
Apis_mellifera	M	2	6.000000	0	0.000000	0.000000	0.000000	0.000000
Apis_mellifera	N	328	8.847561	0	0.000000	0.000000	0.000000	0.000000
Apis_mellifera	P	464	8.092672	0	7.772000	0.000000	0.016750	-23.997658
Apis_mellifera	Q	1126	11.271758	0	0.000000	0.000000	0.000000	0.000000
Apis_mellifera	R	50	7.420000	0	0.000000	0.000000	0.000000	0.000000
Apis_mellifera	S	509	8.954813	0	0.000000	0.000000	0.000000	0.000000
Apis_mellifera	T	354	8.409605	0	0.000000	0.000000	0.000000	0.000000
