species	transcript_id	gene_id	chrom	strand	protein_len	aa	aa_start	aa_end	aa_len	codon_entropy	codon_gini_simpson	n_unique_codons	dna_len	obs_max_nt_homopolymer	obs_risky	random_expected_max_nt_homopolymer	p_random_risky	p_random_safe	random_expected_risky_count	dna_A_frac	dna_T_frac	dna_G_frac	dna_C_frac
Sulfolobus_solfataricus	gene-SULM_RS00070	NA	NZ_CP033238.1	+	267	I	14	20	6	1.459148	0.611111	3	18	2	0	2.000000	0.000000	1.000000	0.000000	0.444444	0.388889	0.000000	0.166667
Sulfolobus_solfataricus	gene-SULM_RS02590	NA	NZ_CP033238.1	-	347	I	327	334	7	1.448816	0.612245	3	21	2	0	2.000000	0.000000	1.000000	0.000000	0.476190	0.476190	0.000000	0.047619
Sulfolobus_solfataricus	gene-SULM_RS04295	NA	NZ_CP033238.1	+	261	L	3	9	6	1.918296	0.722222	4	18	2	0	2.732000	0.000000	1.000000	0.000000	0.166667	0.555556	0.111111	0.166667
Sulfolobus_solfataricus	gene-SULM_RS05745	NA	NZ_CP033238.1	-	97	E	78	84	6	0.918296	0.444444	2	18	2	0	2.000000	0.000000	1.000000	0.000000	0.555556	0.000000	0.444444	0.000000
Sulfolobus_solfataricus	gene-SULM_RS14980	NA	NZ_CP033238.1	+	505	T	400	407	7	1.556657	0.653061	3	21	2	0	1.970000	0.000000	1.000000	0.000000	0.428571	0.142857	0.095238	0.333333
Sulfolobus_solfataricus	gene-SULM_RS08265	NA	NZ_CP033238.1	-	146	E	140	146	6	1.000000	0.500000	2	18	2	0	2.000000	0.000000	1.000000	0.000000	0.500000	0.000000	0.500000	0.000000
Sulfolobus_solfataricus	gene-SULM_RS13735	NA	NZ_CP033238.1	-	556	L	8	14	6	1.918296	0.722222	4	18	4	0	2.744000	0.000000	1.000000	0.000000	0.111111	0.611111	0.055556	0.222222
Sulfolobus_solfataricus	gene-SULM_RS14775	NA	NZ_CP033238.1	+	96	L	77	83	6	0.918296	0.444444	2	18	4	0	2.696000	0.000000	1.000000	0.000000	0.222222	0.666667	0.000000	0.111111
