species	aa	n_runs	mean_run_len	obs_risky_count	exp_risky_count	obs_risky_frac	exp_risky_frac	log2_enrichment_obs_over_exp
Zea_mays	A	1725	6.851014	0	0.000000	0.000000	0.000000	0.000000
Zea_mays	C	11	6.818182	0	0.000000	0.000000	0.000000	0.000000
Zea_mays	D	263	6.893536	0	0.000000	0.000000	0.000000	0.000000
Zea_mays	E	291	7.233677	0	0.000000	0.000000	0.000000	0.000000
Zea_mays	F	9	6.333333	4	1.914000	0.444444	0.212667	1.063409
Zea_mays	G	1067	7.331771	11	42.366000	0.010309	0.039706	-1.945403
Zea_mays	H	84	6.785714	0	0.000000	0.000000	0.000000	0.000000
Zea_mays	K	84	6.214286	0	14.270000	0.000000	0.169881	-27.339949
Zea_mays	L	205	6.658537	0	0.000000	0.000000	0.000000	0.000000
Zea_mays	M	10	6.000000	0	0.000000	0.000000	0.000000	0.000000
Zea_mays	N	17	7.705882	0	0.000000	0.000000	0.000000	0.000000
Zea_mays	P	947	6.856389	11	32.130000	0.011616	0.033928	-1.546417
Zea_mays	Q	335	6.662687	0	0.000000	0.000000	0.000000	0.000000
Zea_mays	R	288	6.576389	0	0.000000	0.000000	0.000000	0.000000
Zea_mays	S	759	7.567852	0	0.000000	0.000000	0.000000	0.000000
Zea_mays	T	142	6.971831	0	0.000000	0.000000	0.000000	0.000000
Zea_mays	V	25	6.000000	0	0.000000	0.000000	0.000000	0.000000
Zea_mays	W	2	6.000000	0	0.000000	0.000000	0.000000	0.000000
