species	aa	n_runs	mean_run_len	obs_risky_count	exp_risky_count	obs_risky_frac	exp_risky_frac	log2_enrichment_obs_over_exp
Mus_musculus	A	1214	7.823723	0	0.000000	0.000000	0.000000	0.000000
Mus_musculus	C	11	7.000000	0	0.000000	0.000000	0.000000	0.000000
Mus_musculus	D	225	7.435556	0	0.000000	0.000000	0.000000	0.000000
Mus_musculus	E	2069	8.982117	0	0.000000	0.000000	0.000000	0.000000
Mus_musculus	F	1	6.000000	1	0.228000	1.000000	0.228000	2.132894
Mus_musculus	G	675	8.065185	9	38.952000	0.013333	0.057707	-2.113700
Mus_musculus	H	243	9.456790	0	0.000000	0.000000	0.000000	0.000000
Mus_musculus	K	426	7.460094	11	114.034000	0.025822	0.267685	-3.373889
Mus_musculus	L	538	6.897770	0	0.000000	0.000000	0.000000	0.000000
Mus_musculus	N	8	6.750000	0	0.000000	0.000000	0.000000	0.000000
Mus_musculus	P	1899	8.234860	4	179.388000	0.002106	0.094464	-5.486939
Mus_musculus	Q	1167	10.107969	0	0.000000	0.000000	0.000000	0.000000
Mus_musculus	R	117	7.923077	0	0.000000	0.000000	0.000000	0.000000
Mus_musculus	S	1266	8.203791	0	0.000000	0.000000	0.000000	0.000000
Mus_musculus	T	172	8.680233	0	0.000000	0.000000	0.000000	0.000000
Mus_musculus	V	2	6.000000	0	0.000000	0.000000	0.000000	0.000000
