species	aa	n_runs	mean_run_len	obs_risky_count	exp_risky_count	obs_risky_frac	exp_risky_frac	log2_enrichment_obs_over_exp
Aedes_aegypti	A	736	8.259511	0	0.000000	0.000000	0.000000	0.000000
Aedes_aegypti	D	152	6.868421	0	0.000000	0.000000	0.000000	0.000000
Aedes_aegypti	E	171	9.502924	0	0.000000	0.000000	0.000000	0.000000
Aedes_aegypti	F	3	6.000000	0	0.388000	0.000000	0.129333	-26.946519
Aedes_aegypti	G	786	7.068702	0	9.562000	0.000000	0.012165	-23.536280
Aedes_aegypti	H	399	7.115288	0	0.000000	0.000000	0.000000	0.000000
Aedes_aegypti	I	2	6.500000	0	0.000000	0.000000	0.000000	0.000000
Aedes_aegypti	K	82	6.609756	9	25.698000	0.109756	0.313390	-1.513659
Aedes_aegypti	L	21	6.142857	0	0.000000	0.000000	0.000000	0.000000
Aedes_aegypti	N	405	7.777778	0	0.000000	0.000000	0.000000	0.000000
Aedes_aegypti	P	375	6.477333	0	9.344000	0.000000	0.024917	-24.570646
Aedes_aegypti	Q	1917	7.919144	0	0.000000	0.000000	0.000000	0.000000
Aedes_aegypti	R	23	6.086957	0	0.000000	0.000000	0.000000	0.000000
Aedes_aegypti	S	1149	7.733681	0	0.000000	0.000000	0.000000	0.000000
Aedes_aegypti	T	392	7.969388	0	0.000000	0.000000	0.000000	0.000000
