species	aa	n_runs	mean_run_len	obs_risky_count	exp_risky_count	obs_risky_frac	exp_risky_frac	log2_enrichment_obs_over_exp
Drosophila_melanogaster	A	1746	8.085338	0	0.000000	0.000000	0.000000	0.000000
Drosophila_melanogaster	C	12	8.500000	0	0.000000	0.000000	0.000000	0.000000
Drosophila_melanogaster	D	196	7.030612	0	0.000000	0.000000	0.000000	0.000000
Drosophila_melanogaster	E	115	6.643478	0	0.000000	0.000000	0.000000	0.000000
Drosophila_melanogaster	G	958	7.715031	0	7.450000	0.000000	0.007777	-22.890712
Drosophila_melanogaster	H	284	7.809859	0	0.000000	0.000000	0.000000	0.000000
Drosophila_melanogaster	K	56	6.357143	0	8.198000	0.000000	0.146393	-27.125270
Drosophila_melanogaster	L	52	6.250000	0	0.000000	0.000000	0.000000	0.000000
Drosophila_melanogaster	N	530	7.758491	0	0.000000	0.000000	0.000000	0.000000
Drosophila_melanogaster	P	615	7.056911	0	40.240000	0.000000	0.065431	-25.963469
Drosophila_melanogaster	Q	4050	8.607901	0	0.000000	0.000000	0.000000	0.000000
Drosophila_melanogaster	R	101	6.316832	0	0.000000	0.000000	0.000000	0.000000
Drosophila_melanogaster	S	1009	7.756194	0	0.000000	0.000000	0.000000	0.000000
Drosophila_melanogaster	T	659	7.391502	0	0.000000	0.000000	0.000000	0.000000
Drosophila_melanogaster	V	1	6.000000	0	0.000000	0.000000	0.000000	0.000000
