species	aa	n_runs	mean_run_len	obs_risky_count	exp_risky_count	obs_risky_frac	exp_risky_frac	log2_enrichment_obs_over_exp
Saccharomyces_cerevisiae	A	19	7.578947	0	0.000000	0.000000	0.000000	0.000000
Saccharomyces_cerevisiae	D	61	9.540984	0	0.000000	0.000000	0.000000	0.000000
Saccharomyces_cerevisiae	E	65	8.123077	0	0.000000	0.000000	0.000000	0.000000
Saccharomyces_cerevisiae	G	3	6.333333	0	0.020000	0.000000	0.006667	-22.668534
Saccharomyces_cerevisiae	H	15	7.466667	0	0.000000	0.000000	0.000000	0.000000
Saccharomyces_cerevisiae	K	21	6.857143	3	10.452000	0.142857	0.497714	-1.800745
Saccharomyces_cerevisiae	L	4	6.000000	0	0.000000	0.000000	0.000000	0.000000
Saccharomyces_cerevisiae	N	77	9.519481	0	0.000000	0.000000	0.000000	0.000000
Saccharomyces_cerevisiae	P	28	7.392857	0	0.502000	0.000000	0.017929	-24.095757
Saccharomyces_cerevisiae	Q	158	9.759494	0	0.000000	0.000000	0.000000	0.000000
Saccharomyces_cerevisiae	R	4	8.250000	0	0.000000	0.000000	0.000000	0.000000
Saccharomyces_cerevisiae	S	109	8.036697	0	0.000000	0.000000	0.000000	0.000000
Saccharomyces_cerevisiae	T	10	6.600000	0	0.000000	0.000000	0.000000	0.000000
Saccharomyces_cerevisiae	V	2	8.000000	0	0.000000	0.000000	0.000000	0.000000
