species	aa	n_runs	mean_run_len	obs_risky_count	exp_risky_count	obs_risky_frac	exp_risky_frac	log2_enrichment_obs_over_exp
Human_adenovirus	A	4	7.250000	0	0.000000	0.000000	0.000000	0.000000
Human_adenovirus	G	2	6.500000	0	0.072000	0.000000	0.036000	-25.101494
Human_adenovirus	P	1	7.000000	0	0.192000	0.000000	0.192000	-27.516531
Human_adenovirus	Q	1	9.000000	0	0.000000	0.000000	0.000000	0.000000
Human_adenovirus	R	3	6.333333	0	0.000000	0.000000	0.000000	0.000000
