species	aa	n_runs	mean_run_len	obs_risky_count	exp_risky_count	obs_risky_frac	exp_risky_frac	log2_enrichment_obs_over_exp
Neurospora_crassa	A	255	7.262745	0	0.000000	0.000000	0.000000	0.000000
Neurospora_crassa	C	1	6.000000	0	0.000000	0.000000	0.000000	0.000000
Neurospora_crassa	D	121	7.239669	0	0.000000	0.000000	0.000000	0.000000
Neurospora_crassa	E	191	8.340314	0	0.000000	0.000000	0.000000	0.000000
Neurospora_crassa	F	3	6.333333	1	0.468000	0.333333	0.156000	1.095420
Neurospora_crassa	G	257	7.529183	0	6.868000	0.000000	0.026724	-24.671618
Neurospora_crassa	H	32	7.187500	0	0.000000	0.000000	0.000000	0.000000
Neurospora_crassa	I	1	6.000000	0	0.000000	0.000000	0.000000	0.000000
Neurospora_crassa	K	40	9.500000	1	4.342000	0.025000	0.108550	-2.118360
Neurospora_crassa	L	12	6.750000	0	0.000000	0.000000	0.000000	0.000000
Neurospora_crassa	N	82	9.914634	0	0.000000	0.000000	0.000000	0.000000
Neurospora_crassa	P	260	7.430769	0	27.798000	0.000000	0.106915	-26.671894
Neurospora_crassa	Q	442	10.337104	0	0.000000	0.000000	0.000000	0.000000
Neurospora_crassa	R	19	6.842105	0	0.000000	0.000000	0.000000	0.000000
Neurospora_crassa	S	355	7.884507	0	0.000000	0.000000	0.000000	0.000000
Neurospora_crassa	T	190	7.752632	0	0.000000	0.000000	0.000000	0.000000
Neurospora_crassa	V	2	6.000000	0	0.000000	0.000000	0.000000	0.000000
Neurospora_crassa	W	2	6.500000	0	0.000000	0.000000	0.000000	0.000000
