species	aa	n_runs	mean_run_len	obs_risky_count	exp_risky_count	obs_risky_frac	exp_risky_frac	log2_enrichment_obs_over_exp
Aspergillus_nidulans	A	39	7.538462	0	0.000000	0.000000	0.000000	0.000000
Aspergillus_nidulans	D	32	7.468750	0	0.000000	0.000000	0.000000	0.000000
Aspergillus_nidulans	E	40	9.275000	0	0.000000	0.000000	0.000000	0.000000
Aspergillus_nidulans	G	20	7.150000	0	0.720000	0.000000	0.036000	-25.101494
Aspergillus_nidulans	H	6	9.166667	0	0.000000	0.000000	0.000000	0.000000
Aspergillus_nidulans	K	11	6.363636	1	1.930000	0.090909	0.175455	-0.948601
Aspergillus_nidulans	L	4	7.000000	0	0.000000	0.000000	0.000000	0.000000
Aspergillus_nidulans	N	5	10.800000	0	0.000000	0.000000	0.000000	0.000000
Aspergillus_nidulans	P	76	6.657895	0	3.866000	0.000000	0.050868	-25.600267
Aspergillus_nidulans	Q	25	9.160000	0	0.000000	0.000000	0.000000	0.000000
Aspergillus_nidulans	R	12	6.333333	0	0.000000	0.000000	0.000000	0.000000
Aspergillus_nidulans	S	56	6.892857	0	0.000000	0.000000	0.000000	0.000000
Aspergillus_nidulans	T	20	6.950000	0	0.000000	0.000000	0.000000	0.000000
Aspergillus_nidulans	V	1	6.000000	0	0.000000	0.000000	0.000000	0.000000
