species	aa	n_runs	mean_run_len	obs_risky_count	exp_risky_count	obs_risky_frac	exp_risky_frac	log2_enrichment_obs_over_exp
Arabidopsis_thaliana	A	168	6.672619	0	0.000000	0.000000	0.000000	0.000000
Arabidopsis_thaliana	D	239	7.962343	0	0.000000	0.000000	0.000000	0.000000
Arabidopsis_thaliana	E	503	7.250497	0	0.000000	0.000000	0.000000	0.000000
Arabidopsis_thaliana	F	22	6.863636	5	8.838000	0.227273	0.401727	-0.821792
Arabidopsis_thaliana	G	535	7.280374	0	10.946000	0.000000	0.020460	-24.286290
Arabidopsis_thaliana	H	86	7.034884	0	0.000000	0.000000	0.000000	0.000000
Arabidopsis_thaliana	I	1	6.000000	0	0.000000	0.000000	0.000000	0.000000
Arabidopsis_thaliana	K	182	6.846154	8	61.334000	0.043956	0.337000	-2.938615
Arabidopsis_thaliana	L	66	6.409091	0	0.000000	0.000000	0.000000	0.000000
Arabidopsis_thaliana	M	5	8.200000	0	0.000000	0.000000	0.000000	0.000000
Arabidopsis_thaliana	N	157	7.210191	0	0.000000	0.000000	0.000000	0.000000
Arabidopsis_thaliana	P	386	7.251295	0	3.116000	0.000000	0.008073	-22.944591
Arabidopsis_thaliana	Q	324	8.132716	0	0.000000	0.000000	0.000000	0.000000
Arabidopsis_thaliana	R	33	6.242424	0	0.000000	0.000000	0.000000	0.000000
Arabidopsis_thaliana	S	1052	7.174905	0	0.000000	0.000000	0.000000	0.000000
Arabidopsis_thaliana	T	119	7.075630	0	0.000000	0.000000	0.000000	0.000000
Arabidopsis_thaliana	V	12	6.166667	0	0.000000	0.000000	0.000000	0.000000
Arabidopsis_thaliana	Y	2	6.000000	0	0.000000	0.000000	0.000000	0.000000
