species	aa	n_runs	mean_run_len	obs_risky_count	exp_risky_count	obs_risky_frac	exp_risky_frac	log2_enrichment_obs_over_exp
Bombyx_mori	A	231	7.709957	0	0.000000	0.000000	0.000000	0.000000
Bombyx_mori	D	53	8.056604	0	0.000000	0.000000	0.000000	0.000000
Bombyx_mori	E	130	8.992308	0	0.000000	0.000000	0.000000	0.000000
Bombyx_mori	F	2	7.000000	2	0.500000	1.000000	0.250000	2.000000
Bombyx_mori	G	288	7.909722	0	6.920000	0.000000	0.024028	-24.518200
Bombyx_mori	H	48	6.437500	0	0.000000	0.000000	0.000000	0.000000
Bombyx_mori	I	1	6.000000	0	0.000000	0.000000	0.000000	0.000000
Bombyx_mori	K	68	6.529412	2	29.386000	0.029412	0.432147	-3.877057
Bombyx_mori	L	16	6.437500	0	0.000000	0.000000	0.000000	0.000000
Bombyx_mori	N	11	6.909091	0	0.000000	0.000000	0.000000	0.000000
Bombyx_mori	P	456	7.377193	0	22.422000	0.000000	0.049171	-25.551306
Bombyx_mori	Q	216	9.175926	0	0.000000	0.000000	0.000000	0.000000
Bombyx_mori	R	52	7.000000	0	0.000000	0.000000	0.000000	0.000000
Bombyx_mori	S	275	7.381818	0	0.000000	0.000000	0.000000	0.000000
Bombyx_mori	T	134	8.723881	0	0.000000	0.000000	0.000000	0.000000
