species	aa	n_runs	mean_run_len	obs_risky_count	exp_risky_count	obs_risky_frac	exp_risky_frac	log2_enrichment_obs_over_exp
Octopus_bimaculoides	A	259	7.926641	0	0.000000	0.000000	0.000000	0.000000
Octopus_bimaculoides	C	19	6.421053	0	0.000000	0.000000	0.000000	0.000000
Octopus_bimaculoides	D	368	8.687500	0	0.000000	0.000000	0.000000	0.000000
Octopus_bimaculoides	E	345	8.176812	0	0.000000	0.000000	0.000000	0.000000
Octopus_bimaculoides	F	5	6.200000	3	2.238000	0.600000	0.447600	0.422752
Octopus_bimaculoides	G	294	8.061224	0	2.688000	0.000000	0.009143	-23.124214
Octopus_bimaculoides	H	218	8.798165	0	0.000000	0.000000	0.000000	0.000000
Octopus_bimaculoides	I	43	9.744186	0	0.000000	0.000000	0.000000	0.000000
Octopus_bimaculoides	K	120	8.241667	4	79.510000	0.033333	0.662583	-4.313064
Octopus_bimaculoides	L	92	8.652174	0	0.000000	0.000000	0.000000	0.000000
Octopus_bimaculoides	M	25	6.560000	0	0.000000	0.000000	0.000000	0.000000
Octopus_bimaculoides	N	664	8.890060	0	0.000000	0.000000	0.000000	0.000000
Octopus_bimaculoides	P	414	7.954106	0	6.560000	0.000000	0.015845	-23.917562
Octopus_bimaculoides	Q	1409	10.375444	0	0.000000	0.000000	0.000000	0.000000
Octopus_bimaculoides	R	24	6.500000	0	0.000000	0.000000	0.000000	0.000000
Octopus_bimaculoides	S	1115	8.757848	0	0.000000	0.000000	0.000000	0.000000
Octopus_bimaculoides	T	746	7.981233	0	0.000000	0.000000	0.000000	0.000000
Octopus_bimaculoides	V	6	8.500000	0	0.000000	0.000000	0.000000	0.000000
Octopus_bimaculoides	Y	30	8.300000	0	0.000000	0.000000	0.000000	0.000000
