species	aa	n_runs	mean_run_len	obs_risky_count	exp_risky_count	obs_risky_frac	exp_risky_frac	log2_enrichment_obs_over_exp
Caenorhabditis_elegans	A	171	7.064327	0	0.000000	0.000000	0.000000	0.000000
Caenorhabditis_elegans	C	1	6.000000	0	0.000000	0.000000	0.000000	0.000000
Caenorhabditis_elegans	D	77	6.740260	0	0.000000	0.000000	0.000000	0.000000
Caenorhabditis_elegans	E	135	6.614815	0	0.000000	0.000000	0.000000	0.000000
Caenorhabditis_elegans	F	1	7.000000	1	0.352000	1.000000	0.352000	1.506353
Caenorhabditis_elegans	G	248	6.923387	0	1.070000	0.000000	0.004315	-22.040768
Caenorhabditis_elegans	H	59	6.644068	0	0.000000	0.000000	0.000000	0.000000
Caenorhabditis_elegans	I	4	6.000000	0	0.000000	0.000000	0.000000	0.000000
Caenorhabditis_elegans	K	49	6.285714	0	23.202000	0.000000	0.473510	-28.818820
Caenorhabditis_elegans	L	38	6.500000	0	0.000000	0.000000	0.000000	0.000000
Caenorhabditis_elegans	N	48	6.645833	0	0.000000	0.000000	0.000000	0.000000
Caenorhabditis_elegans	P	265	7.049057	1	1.640000	0.003774	0.006189	-0.713696
Caenorhabditis_elegans	Q	295	7.047458	0	0.000000	0.000000	0.000000	0.000000
Caenorhabditis_elegans	R	8	6.250000	0	0.000000	0.000000	0.000000	0.000000
Caenorhabditis_elegans	S	236	6.961864	0	0.000000	0.000000	0.000000	0.000000
Caenorhabditis_elegans	T	583	6.895369	0	0.000000	0.000000	0.000000	0.000000
Caenorhabditis_elegans	V	2	6.000000	0	0.000000	0.000000	0.000000	0.000000
