species	aa	n_runs	mean_run_len	obs_risky_count	exp_risky_count	obs_risky_frac	exp_risky_frac	log2_enrichment_obs_over_exp
Homo_sapiens	A	2140	7.828037	0	0.000000	0.000000	0.000000	0.000000
Homo_sapiens	C	57	6.017544	0	0.000000	0.000000	0.000000	0.000000
Homo_sapiens	D	134	7.074627	0	0.000000	0.000000	0.000000	0.000000
Homo_sapiens	E	3068	8.066493	0	0.000000	0.000000	0.000000	0.000000
Homo_sapiens	F	4	7.500000	4	1.444000	1.000000	0.361000	1.469929
Homo_sapiens	G	1406	7.389047	0	81.374000	0.000000	0.057876	-25.786468
Homo_sapiens	H	355	7.949296	0	0.000000	0.000000	0.000000	0.000000
Homo_sapiens	I	36	7.611111	0	0.000000	0.000000	0.000000	0.000000
Homo_sapiens	K	641	7.254290	83	210.094000	0.129485	0.327760	-1.339852
Homo_sapiens	L	1319	6.733131	0	0.000000	0.000000	0.000000	0.000000
Homo_sapiens	M	5	7.000000	0	0.000000	0.000000	0.000000	0.000000
Homo_sapiens	N	5	7.000000	0	0.000000	0.000000	0.000000	0.000000
Homo_sapiens	P	2903	7.629693	0	294.732000	0.000000	0.101527	-26.597284
Homo_sapiens	Q	911	11.162459	0	0.000000	0.000000	0.000000	0.000000
Homo_sapiens	R	131	6.740458	0	0.000000	0.000000	0.000000	0.000000
Homo_sapiens	S	2046	7.927175	0	0.000000	0.000000	0.000000	0.000000
Homo_sapiens	T	279	6.480287	0	0.000000	0.000000	0.000000	0.000000
Homo_sapiens	V	16	6.000000	0	0.000000	0.000000	0.000000	0.000000
