species	aa	n_runs	mean_run_len	obs_risky_count	exp_risky_count	obs_risky_frac	exp_risky_frac	log2_enrichment_obs_over_exp
Marchantia_polymorpha	A	234	6.931624	0	0.000000	0.000000	0.000000	0.000000
Marchantia_polymorpha	C	5	6.600000	0	0.000000	0.000000	0.000000	0.000000
Marchantia_polymorpha	D	34	8.500000	0	0.000000	0.000000	0.000000	0.000000
Marchantia_polymorpha	E	79	8.189873	0	0.000000	0.000000	0.000000	0.000000
Marchantia_polymorpha	G	207	7.574879	0	6.508000	0.000000	0.031440	-24.906080
Marchantia_polymorpha	H	28	7.500000	0	0.000000	0.000000	0.000000	0.000000
Marchantia_polymorpha	I	1	6.000000	0	0.000000	0.000000	0.000000	0.000000
Marchantia_polymorpha	K	52	6.596154	0	10.900000	0.000000	0.209615	-27.643169
Marchantia_polymorpha	L	43	7.093023	0	0.000000	0.000000	0.000000	0.000000
Marchantia_polymorpha	N	6	7.000000	0	0.000000	0.000000	0.000000	0.000000
Marchantia_polymorpha	P	185	7.118919	0	7.948000	0.000000	0.042962	-25.356563
Marchantia_polymorpha	Q	250	8.384000	0	0.000000	0.000000	0.000000	0.000000
Marchantia_polymorpha	R	53	7.150943	0	0.000000	0.000000	0.000000	0.000000
Marchantia_polymorpha	S	193	7.316062	0	0.000000	0.000000	0.000000	0.000000
Marchantia_polymorpha	T	23	7.217391	0	0.000000	0.000000	0.000000	0.000000
Marchantia_polymorpha	V	9	6.444444	0	0.000000	0.000000	0.000000	0.000000
Marchantia_polymorpha	W	1	6.000000	0	0.000000	0.000000	0.000000	0.000000
