species	aa	n_runs	mean_run_len	obs_risky_count	exp_risky_count	obs_risky_frac	exp_risky_frac	log2_enrichment_obs_over_exp
Danio_rerio	A	144	7.104167	0	0.000000	0.000000	0.000000	0.000000
Danio_rerio	C	3	6.666667	0	0.000000	0.000000	0.000000	0.000000
Danio_rerio	D	39	6.333333	0	0.000000	0.000000	0.000000	0.000000
Danio_rerio	E	138	6.420290	0	0.000000	0.000000	0.000000	0.000000
Danio_rerio	F	1	6.000000	0	0.258000	0.000000	0.258000	-27.942796
Danio_rerio	G	107	7.112150	0	2.472000	0.000000	0.023103	-24.461565
Danio_rerio	H	19	6.368421	0	0.000000	0.000000	0.000000	0.000000
Danio_rerio	I	3	6.000000	0	0.000000	0.000000	0.000000	0.000000
Danio_rerio	K	20	6.000000	0	6.242000	0.000000	0.312100	-28.217433
Danio_rerio	L	35	6.400000	0	0.000000	0.000000	0.000000	0.000000
Danio_rerio	N	14	6.142857	0	0.000000	0.000000	0.000000	0.000000
Danio_rerio	P	208	6.855769	0	8.824000	0.000000	0.042423	-25.338346
Danio_rerio	Q	73	6.506849	0	0.000000	0.000000	0.000000	0.000000
Danio_rerio	R	9	6.444444	0	0.000000	0.000000	0.000000	0.000000
Danio_rerio	S	391	6.976982	0	0.000000	0.000000	0.000000	0.000000
Danio_rerio	T	33	6.515152	0	0.000000	0.000000	0.000000	0.000000
Danio_rerio	V	3	6.000000	0	0.000000	0.000000	0.000000	0.000000
