species	aa	n_runs	mean_run_len	obs_risky_count	exp_risky_count	obs_risky_frac	exp_risky_frac	log2_enrichment_obs_over_exp
Solanum_lycopersicum	A	186	6.634409	0	0.000000	0.000000	0.000000	0.000000
Solanum_lycopersicum	C	2	6.000000	0	0.000000	0.000000	0.000000	0.000000
Solanum_lycopersicum	D	159	7.415094	0	0.000000	0.000000	0.000000	0.000000
Solanum_lycopersicum	E	202	7.465347	0	0.000000	0.000000	0.000000	0.000000
Solanum_lycopersicum	F	2	7.000000	0	1.032000	0.000000	0.516000	-28.942796
Solanum_lycopersicum	G	341	7.586510	6	9.252000	0.017595	0.027132	-0.624803
Solanum_lycopersicum	H	41	7.170732	0	0.000000	0.000000	0.000000	0.000000
Solanum_lycopersicum	I	4	6.000000	0	0.000000	0.000000	0.000000	0.000000
Solanum_lycopersicum	K	91	6.593407	4	33.432000	0.043956	0.367385	-3.063158
Solanum_lycopersicum	L	52	6.557692	0	0.000000	0.000000	0.000000	0.000000
Solanum_lycopersicum	M	2	6.000000	0	0.000000	0.000000	0.000000	0.000000
Solanum_lycopersicum	N	210	7.690476	0	0.000000	0.000000	0.000000	0.000000
Solanum_lycopersicum	P	590	7.455932	0	6.852000	0.000000	0.011614	-23.469307
Solanum_lycopersicum	Q	257	8.182879	0	0.000000	0.000000	0.000000	0.000000
Solanum_lycopersicum	R	26	6.807692	0	0.000000	0.000000	0.000000	0.000000
Solanum_lycopersicum	S	476	6.810924	0	0.000000	0.000000	0.000000	0.000000
Solanum_lycopersicum	T	83	6.831325	0	0.000000	0.000000	0.000000	0.000000
Solanum_lycopersicum	V	18	6.722222	0	0.000000	0.000000	0.000000	0.000000
Solanum_lycopersicum	Y	1	7.000000	0	0.000000	0.000000	0.000000	0.000000
