species	aa	n_runs	mean_run_len	obs_risky_count	exp_risky_count	obs_risky_frac	exp_risky_frac	log2_enrichment_obs_over_exp
Physcomitrium_patens	A	278	6.834532	0	0.000000	0.000000	0.000000	0.000000
Physcomitrium_patens	C	4	6.000000	0	0.000000	0.000000	0.000000	0.000000
Physcomitrium_patens	D	95	6.768421	0	0.000000	0.000000	0.000000	0.000000
Physcomitrium_patens	E	145	7.641379	0	0.000000	0.000000	0.000000	0.000000
Physcomitrium_patens	F	8	6.875000	2	3.148000	0.250000	0.393500	-0.654436
Physcomitrium_patens	G	316	7.537975	2	13.102000	0.006329	0.041462	-2.711715
Physcomitrium_patens	H	34	7.382353	0	0.000000	0.000000	0.000000	0.000000
Physcomitrium_patens	I	1	6.000000	0	0.000000	0.000000	0.000000	0.000000
Physcomitrium_patens	K	110	6.890909	7	28.496000	0.063636	0.259055	-2.025333
Physcomitrium_patens	L	32	6.437500	0	0.000000	0.000000	0.000000	0.000000
Physcomitrium_patens	N	17	8.235294	0	0.000000	0.000000	0.000000	0.000000
Physcomitrium_patens	P	251	7.231076	4	7.662000	0.015936	0.030526	-0.937721
Physcomitrium_patens	Q	479	8.768267	0	0.000000	0.000000	0.000000	0.000000
Physcomitrium_patens	R	32	7.187500	0	0.000000	0.000000	0.000000	0.000000
Physcomitrium_patens	S	252	7.230159	0	0.000000	0.000000	0.000000	0.000000
Physcomitrium_patens	T	47	8.787234	0	0.000000	0.000000	0.000000	0.000000
Physcomitrium_patens	V	11	6.727273	0	0.000000	0.000000	0.000000	0.000000
Physcomitrium_patens	W	1	6.000000	0	0.000000	0.000000	0.000000	0.000000
Physcomitrium_patens	Y	2	9.000000	0	0.000000	0.000000	0.000000	0.000000
