species	aa	n_runs	mean_run_len	obs_risky_count	exp_risky_count	obs_risky_frac	exp_risky_frac	log2_enrichment_obs_over_exp
Gallus_gallus	A	680	7.280882	0	0.000000	0.000000	0.000000	0.000000
Gallus_gallus	C	17	6.764706	0	0.000000	0.000000	0.000000	0.000000
Gallus_gallus	D	59	7.118644	0	0.000000	0.000000	0.000000	0.000000
Gallus_gallus	E	906	7.802428	0	0.000000	0.000000	0.000000	0.000000
Gallus_gallus	F	14	7.000000	10	4.712000	0.714286	0.336571	1.085589
Gallus_gallus	G	494	7.489879	27	25.714000	0.054656	0.052053	0.070405
Gallus_gallus	H	95	7.810526	0	0.000000	0.000000	0.000000	0.000000
Gallus_gallus	K	266	6.962406	22	90.736000	0.082707	0.341113	-2.044172
Gallus_gallus	L	163	6.521472	0	0.000000	0.000000	0.000000	0.000000
Gallus_gallus	N	7	6.000000	0	0.000000	0.000000	0.000000	0.000000
Gallus_gallus	P	870	7.674713	20	68.064000	0.022989	0.078234	-1.766892
Gallus_gallus	Q	527	8.787476	0	0.000000	0.000000	0.000000	0.000000
Gallus_gallus	R	67	6.970149	0	0.000000	0.000000	0.000000	0.000000
Gallus_gallus	S	586	7.474403	0	0.000000	0.000000	0.000000	0.000000
Gallus_gallus	T	126	6.825397	0	0.000000	0.000000	0.000000	0.000000
Gallus_gallus	V	5	6.400000	0	0.000000	0.000000	0.000000	0.000000
