species	aa	n_runs	mean_run_len	obs_risky_count	exp_risky_count	obs_risky_frac	exp_risky_frac	log2_enrichment_obs_over_exp
Candida_albicans	A	57	7.280702	0	0.000000	0.000000	0.000000	0.000000
Candida_albicans	C	2	6.000000	0	0.000000	0.000000	0.000000	0.000000
Candida_albicans	D	160	7.681250	0	0.000000	0.000000	0.000000	0.000000
Candida_albicans	E	217	7.649770	0	0.000000	0.000000	0.000000	0.000000
Candida_albicans	G	72	6.944444	0	1.172000	0.000000	0.016278	-23.956401
Candida_albicans	H	38	7.473684	0	0.000000	0.000000	0.000000	0.000000
Candida_albicans	I	1	6.000000	0	0.000000	0.000000	0.000000	0.000000
Candida_albicans	K	24	6.541667	1	17.744000	0.041667	0.739333	-4.149259
Candida_albicans	L	12	7.583333	0	0.000000	0.000000	0.000000	0.000000
Candida_albicans	N	371	8.056604	0	0.000000	0.000000	0.000000	0.000000
Candida_albicans	P	116	7.534483	0	0.614000	0.000000	0.005293	-22.335683
Candida_albicans	Q	573	8.265271	0	0.000000	0.000000	0.000000	0.000000
Candida_albicans	R	4	6.250000	0	0.000000	0.000000	0.000000	0.000000
Candida_albicans	S	254	7.318898	0	0.000000	0.000000	0.000000	0.000000
Candida_albicans	T	264	7.750000	0	0.000000	0.000000	0.000000	0.000000
Candida_albicans	V	2	6.500000	0	0.000000	0.000000	0.000000	0.000000
Candida_albicans	Y	1	8.000000	0	0.000000	0.000000	0.000000	0.000000
