species	aa	n_runs	mean_run_len	obs_risky_count	exp_risky_count	obs_risky_frac	exp_risky_frac	log2_enrichment_obs_over_exp
Anopheles_gambiae	A	2775	8.257658	0	0.000000	0.000000	0.000000	0.000000
Anopheles_gambiae	C	8	6.875000	0	0.000000	0.000000	0.000000	0.000000
Anopheles_gambiae	D	455	7.498901	0	0.000000	0.000000	0.000000	0.000000
Anopheles_gambiae	E	691	8.316932	0	0.000000	0.000000	0.000000	0.000000
Anopheles_gambiae	F	6	7.000000	0	1.028000	0.000000	0.171333	-27.352231
Anopheles_gambiae	G	3361	8.062184	0	65.202000	0.000000	0.019400	-24.209522
Anopheles_gambiae	H	1015	7.676847	0	0.000000	0.000000	0.000000	0.000000
Anopheles_gambiae	K	85	6.458824	0	14.028000	0.000000	0.165035	-27.298199
Anopheles_gambiae	L	72	6.958333	0	0.000000	0.000000	0.000000	0.000000
Anopheles_gambiae	M	15	6.000000	0	0.000000	0.000000	0.000000	0.000000
Anopheles_gambiae	N	829	8.387214	0	0.000000	0.000000	0.000000	0.000000
Anopheles_gambiae	P	953	6.806925	1	22.978000	0.001049	0.024111	-4.522180
Anopheles_gambiae	Q	7661	8.748205	0	0.000000	0.000000	0.000000	0.000000
Anopheles_gambiae	R	55	6.363636	0	0.000000	0.000000	0.000000	0.000000
Anopheles_gambiae	S	2254	7.646406	0	0.000000	0.000000	0.000000	0.000000
Anopheles_gambiae	T	1119	7.337802	0	0.000000	0.000000	0.000000	0.000000
Anopheles_gambiae	V	26	9.153846	0	0.000000	0.000000	0.000000	0.000000
Anopheles_gambiae	W	5	8.400000	0	0.000000	0.000000	0.000000	0.000000
