species	aa	n_runs	mean_run_len	obs_risky_count	exp_risky_count	obs_risky_frac	exp_risky_frac	log2_enrichment_obs_over_exp
Trypanosoma_brucei	A	67	6.716418	0	0.000000	0.000000	0.000000	0.000000
Trypanosoma_brucei	C	5	7.000000	0	0.000000	0.000000	0.000000	0.000000
Trypanosoma_brucei	D	61	8.147541	0	0.000000	0.000000	0.000000	0.000000
Trypanosoma_brucei	E	73	7.561644	0	0.000000	0.000000	0.000000	0.000000
Trypanosoma_brucei	F	11	6.363636	6	4.832000	0.545455	0.439273	0.312342
Trypanosoma_brucei	G	52	6.942308	1	2.070000	0.019231	0.039808	-1.049631
Trypanosoma_brucei	H	11	9.636364	0	0.000000	0.000000	0.000000	0.000000
Trypanosoma_brucei	I	14	8.571429	0	0.000000	0.000000	0.000000	0.000000
Trypanosoma_brucei	K	11	6.727273	4	2.758000	0.363636	0.250727	0.536378
Trypanosoma_brucei	L	41	6.902439	0	0.000000	0.000000	0.000000	0.000000
Trypanosoma_brucei	M	1	6.000000	0	0.000000	0.000000	0.000000	0.000000
Trypanosoma_brucei	N	43	7.697674	0	0.000000	0.000000	0.000000	0.000000
Trypanosoma_brucei	P	78	7.679487	3	4.576000	0.038462	0.058667	-0.609125
Trypanosoma_brucei	Q	121	7.685950	0	0.000000	0.000000	0.000000	0.000000
Trypanosoma_brucei	R	7	6.428571	0	0.000000	0.000000	0.000000	0.000000
Trypanosoma_brucei	S	44	7.090909	0	0.000000	0.000000	0.000000	0.000000
Trypanosoma_brucei	T	24	9.916667	0	0.000000	0.000000	0.000000	0.000000
Trypanosoma_brucei	V	5	6.400000	0	0.000000	0.000000	0.000000	0.000000
Trypanosoma_brucei	Y	7	7.142857	0	0.000000	0.000000	0.000000	0.000000
