species	aa	n_runs	mean_run_len	obs_risky_count	exp_risky_count	obs_risky_frac	exp_risky_frac	log2_enrichment_obs_over_exp
Oryza_sativa	A	2649	6.818045	0	0.000000	0.000000	0.000000	0.000000
Oryza_sativa	C	4	6.000000	0	0.000000	0.000000	0.000000	0.000000
Oryza_sativa	D	368	7.057065	0	0.000000	0.000000	0.000000	0.000000
Oryza_sativa	E	416	7.225962	0	0.000000	0.000000	0.000000	0.000000
Oryza_sativa	F	3	6.000000	2	0.522000	0.666667	0.174000	1.937878
Oryza_sativa	G	2432	7.274260	5	96.870000	0.002056	0.039831	-4.276049
Oryza_sativa	H	174	6.643678	0	0.000000	0.000000	0.000000	0.000000
Oryza_sativa	I	2	6.000000	0	0.000000	0.000000	0.000000	0.000000
Oryza_sativa	K	91	6.890110	1	15.804000	0.010989	0.173670	-3.982218
Oryza_sativa	L	231	6.701299	0	0.000000	0.000000	0.000000	0.000000
Oryza_sativa	M	1	6.000000	0	0.000000	0.000000	0.000000	0.000000
Oryza_sativa	N	7	7.857143	0	0.000000	0.000000	0.000000	0.000000
Oryza_sativa	P	1204	7.088040	14	37.020000	0.011628	0.030748	-1.402878
Oryza_sativa	Q	322	7.046584	0	0.000000	0.000000	0.000000	0.000000
Oryza_sativa	R	531	6.800377	0	0.000000	0.000000	0.000000	0.000000
Oryza_sativa	S	1021	6.997062	0	0.000000	0.000000	0.000000	0.000000
Oryza_sativa	T	183	6.655738	0	0.000000	0.000000	0.000000	0.000000
Oryza_sativa	V	50	6.480000	0	0.000000	0.000000	0.000000	0.000000
Oryza_sativa	W	1	6.000000	0	0.000000	0.000000	0.000000	0.000000
Oryza_sativa	Y	1	6.000000	0	0.000000	0.000000	0.000000	0.000000
