species	aa	n_runs	mean_run_len	obs_risky_count	exp_risky_count	obs_risky_frac	exp_risky_frac	log2_enrichment_obs_over_exp
Ciona_intestinalis	A	37	6.702703	0	0.000000	0.000000	0.000000	0.000000
Ciona_intestinalis	C	2	6.000000	0	0.000000	0.000000	0.000000	0.000000
Ciona_intestinalis	D	42	6.976190	0	0.000000	0.000000	0.000000	0.000000
Ciona_intestinalis	E	66	7.060606	0	0.000000	0.000000	0.000000	0.000000
Ciona_intestinalis	G	71	8.028169	0	2.212000	0.000000	0.031155	-24.892957
Ciona_intestinalis	H	6	7.000000	0	0.000000	0.000000	0.000000	0.000000
Ciona_intestinalis	I	1	6.000000	0	0.000000	0.000000	0.000000	0.000000
Ciona_intestinalis	K	77	6.376623	0	39.480000	0.000000	0.512727	-28.933616
Ciona_intestinalis	L	15	7.400000	0	0.000000	0.000000	0.000000	0.000000
Ciona_intestinalis	N	45	7.266667	0	0.000000	0.000000	0.000000	0.000000
Ciona_intestinalis	P	225	7.311111	0	5.780000	0.000000	0.025689	-24.614641
Ciona_intestinalis	Q	121	8.223140	0	0.000000	0.000000	0.000000	0.000000
Ciona_intestinalis	R	32	6.843750	0	0.000000	0.000000	0.000000	0.000000
Ciona_intestinalis	S	164	8.024390	0	0.000000	0.000000	0.000000	0.000000
Ciona_intestinalis	T	203	7.246305	0	0.000000	0.000000	0.000000	0.000000
Ciona_intestinalis	V	1	7.000000	0	0.000000	0.000000	0.000000	0.000000
