species	transcript_id	gene_id	chrom	strand	protein_len	aa	aa_start	aa_end	aa_len	codon_entropy	codon_gini_simpson	n_unique_codons	dna_len	obs_max_nt_homopolymer	obs_risky	random_expected_max_nt_homopolymer	p_random_risky	p_random_safe	random_expected_risky_count	dna_A_frac	dna_T_frac	dna_G_frac	dna_C_frac
Thermoplasma_acidophilum	gene-TA_RS01340	NA	NC_002578.1	+	748	V	10	16	6	1.918296	0.722222	4	18	2	0	1.990000	0.000000	1.000000	0.000000	0.111111	0.388889	0.388889	0.111111
Thermoplasma_acidophilum	gene-TA_RS03385	NA	NC_002578.1	+	364	A	16	22	6	0.918296	0.444444	2	18	1	0	1.982000	0.000000	1.000000	0.000000	0.222222	0.111111	0.333333	0.333333
Thermoplasma_acidophilum	gene-TA_RS03810	NA	NC_002578.1	-	1350	P	328	340	12	1.784159	0.680556	4	36	3	0	5.224000	0.022000	0.978000	0.022000	0.138889	0.111111	0.055556	0.694444
Thermoplasma_acidophilum	gene-TA_RS05325	NA	NC_002578.1	-	225	G	59	65	6	1.918296	0.722222	4	18	3	0	3.800000	0.014000	0.986000	0.014000	0.111111	0.055556	0.722222	0.111111
Thermoplasma_acidophilum	gene-TA_RS06590	NA	NC_002578.1	-	543	S	523	529	6	2.251629	0.777778	5	18	2	0	1.946000	0.000000	1.000000	0.000000	0.222222	0.277778	0.166667	0.333333
Thermoplasma_acidophilum	gene-TA_RS06710	NA	NC_002578.1	-	274	I	8	14	6	0.918296	0.444444	2	18	2	0	1.996000	0.000000	1.000000	0.000000	0.555556	0.333333	0.000000	0.111111
