species	transcript_id	gene_id	chrom	strand	protein_len	aa	aa_start	aa_end	aa_len	codon_entropy	codon_gini_simpson	n_unique_codons	dna_len	obs_max_nt_homopolymer	obs_risky	random_expected_max_nt_homopolymer	p_random_risky	p_random_safe	random_expected_risky_count	dna_A_frac	dna_T_frac	dna_G_frac	dna_C_frac
Methanococcus_jannaschii	gene-MJ_RS00795	NA	NC_000909.1	+	774	E	33	39	6	0.650022	0.277778	2	18	2	0	2.000000	0.000000	1.000000	0.000000	0.611111	0.000000	0.388889	0.000000
Methanococcus_jannaschii	gene-MJ_RS00810	NA	NC_000909.1	+	469	K	462	469	7	0.591673	0.244898	2	21	5	0	12.348000	0.736000	0.264000	0.736000	0.714286	0.000000	0.285714	0.000000
Methanococcus_jannaschii	gene-MJ_RS04465	NA	NC_000909.1	-	377	S	288	295	7	1.950212	0.734694	4	21	2	0	1.978000	0.000000	1.000000	0.000000	0.142857	0.428571	0.047619	0.380952
Methanococcus_jannaschii	gene-MJ_RS04825	NA	NC_000909.1	+	638	L	7	13	6	1.459148	0.611111	3	18	4	0	2.716000	0.000000	1.000000	0.000000	0.166667	0.666667	0.111111	0.055556
Methanococcus_jannaschii	gene-MJ_RS05225	NA	NC_000909.1	-	143	H	98	107	9	0.918296	0.444444	2	27	2	0	1.936000	0.000000	1.000000	0.000000	0.333333	0.222222	0.000000	0.444444
Methanococcus_jannaschii	gene-MJ_RS05285	NA	NC_000909.1	-	222	R	214	221	7	0.591673	0.244898	2	21	2	0	2.000000	0.000000	1.000000	0.000000	0.619048	0.000000	0.380952	0.000000
Methanococcus_jannaschii	gene-MJ_RS07085	NA	NC_000909.1	+	367	G	44	50	6	1.251629	0.500000	3	18	5	0	4.108000	0.006000	0.994000	0.006000	0.222222	0.055556	0.722222	0.000000
Methanococcus_jannaschii	gene-MJ_RS07260	NA	NC_000909.1	-	343	K	336	342	6	1.000000	0.500000	2	18	5	0	11.006000	0.628000	0.372000	0.628000	0.833333	0.000000	0.166667	0.000000
Methanococcus_jannaschii	gene-MJ_RS08415	NA	NC_000909.1	+	598	G	590	596	6	1.792481	0.666667	4	18	5	0	4.264000	0.012000	0.988000	0.012000	0.166667	0.055556	0.722222	0.055556
Methanococcus_jannaschii	gene-MJ_RS09210	NA	NC_001733.1	-	63	E	12	18	6	0.918296	0.444444	2	18	2	0	2.000000	0.000000	1.000000	0.000000	0.555556	0.000000	0.444444	0.000000
