species	transcript_id	gene_id	chrom	strand	protein_len	aa	aa_start	aa_end	aa_len	codon_entropy	codon_gini_simpson	n_unique_codons	dna_len	obs_max_nt_homopolymer	obs_risky	random_expected_max_nt_homopolymer	p_random_risky	p_random_safe	random_expected_risky_count	dna_A_frac	dna_T_frac	dna_G_frac	dna_C_frac
Vibrio_cholerae	gene-F0316_RS01160	NA	NZ_CP043554.1	+	491	L	240	247	7	2.128085	0.734694	5	21	2	0	2.420000	0.000000	1.000000	0.000000	0.047619	0.571429	0.190476	0.190476
Vibrio_cholerae	gene-F0316_RS06115	NA	NZ_CP043554.1	-	133	L	13	21	8	1.561278	0.656250	3	24	2	0	2.556000	0.000000	1.000000	0.000000	0.125000	0.458333	0.125000	0.291667
Vibrio_cholerae	gene-F0316_RS09140	NA	NZ_CP043554.1	+	528	L	274	281	7	1.842371	0.693878	4	21	2	0	2.464000	0.000000	1.000000	0.000000	0.142857	0.380952	0.142857	0.333333
Vibrio_cholerae	gene-F0316_RS11880	NA	NZ_CP043554.1	-	559	S	179	187	8	2.250000	0.781250	5	24	2	0	1.972000	0.000000	1.000000	0.000000	0.208333	0.250000	0.208333	0.333333
Vibrio_cholerae	gene-F0316_RS17625	NA	NZ_CP043556.1	-	684	L	278	284	6	1.918296	0.722222	4	18	2	0	2.408000	0.000000	1.000000	0.000000	0.166667	0.500000	0.166667	0.166667
Vibrio_cholerae	gene-F0316_RS17775	NA	NZ_CP043556.1	-	634	Q	443	477	34	0.997503	0.498270	2	102	2	0	2.000000	0.000000	1.000000	0.000000	0.490196	0.000000	0.176471	0.333333
