species	aa	n_runs	mean_run_len	obs_risky_count	exp_risky_count	obs_risky_frac	exp_risky_frac	log2_enrichment_obs_over_exp
Dictyostelium_discoideum	A	31	7.838710	0	0.000000	0.000000	0.000000	0.000000
Dictyostelium_discoideum	D	347	7.706052	0	0.000000	0.000000	0.000000	0.000000
Dictyostelium_discoideum	E	385	8.602597	0	0.000000	0.000000	0.000000	0.000000
Dictyostelium_discoideum	F	55	8.727273	53	42.064000	0.963636	0.764800	0.333406
Dictyostelium_discoideum	G	243	7.374486	0	0.086000	0.000000	0.000354	-18.433025
Dictyostelium_discoideum	H	124	7.620968	0	0.000000	0.000000	0.000000	0.000000
Dictyostelium_discoideum	I	48	14.875000	0	0.000000	0.000000	0.000000	0.000000
Dictyostelium_discoideum	K	92	7.054348	57	80.090000	0.619565	0.870543	-0.490660
Dictyostelium_discoideum	L	21	8.952381	0	0.000000	0.000000	0.000000	0.000000
Dictyostelium_discoideum	M	2	6.500000	0	0.000000	0.000000	0.000000	0.000000
Dictyostelium_discoideum	N	8770	13.945154	0	0.000000	0.000000	0.000000	0.000000
Dictyostelium_discoideum	P	178	7.449438	0	0.068000	0.000000	0.000382	-18.543302
Dictyostelium_discoideum	Q	2606	12.448196	0	0.000000	0.000000	0.000000	0.000000
Dictyostelium_discoideum	R	2	6.000000	0	0.000000	0.000000	0.000000	0.000000
Dictyostelium_discoideum	S	1424	9.023876	0	0.000000	0.000000	0.000000	0.000000
Dictyostelium_discoideum	T	1870	8.737433	0	0.000000	0.000000	0.000000	0.000000
Dictyostelium_discoideum	V	12	10.750000	0	0.000000	0.000000	0.000000	0.000000
Dictyostelium_discoideum	Y	6	10.333333	0	0.000000	0.000000	0.000000	0.000000
