species	aa	n_runs	mean_run_len	obs_risky_count	exp_risky_count	obs_risky_frac	exp_risky_frac	log2_enrichment_obs_over_exp
Oryzias_latipes	A	577	7.592721	0	0.000000	0.000000	0.000000	0.000000
Oryzias_latipes	C	16	7.375000	0	0.000000	0.000000	0.000000	0.000000
Oryzias_latipes	D	308	8.301948	0	0.000000	0.000000	0.000000	0.000000
Oryzias_latipes	E	1668	7.733213	0	0.000000	0.000000	0.000000	0.000000
Oryzias_latipes	F	3	6.000000	0	0.664000	0.000000	0.221333	-27.721646
Oryzias_latipes	G	647	7.638331	5	27.472000	0.007728	0.042461	-2.457962
Oryzias_latipes	H	240	7.704167	0	0.000000	0.000000	0.000000	0.000000
Oryzias_latipes	I	2	7.000000	0	0.000000	0.000000	0.000000	0.000000
Oryzias_latipes	K	388	6.770619	13	108.968000	0.033505	0.280845	-3.067321
Oryzias_latipes	L	156	6.871795	0	0.000000	0.000000	0.000000	0.000000
Oryzias_latipes	M	5	6.000000	0	0.000000	0.000000	0.000000	0.000000
Oryzias_latipes	N	76	7.657895	0	0.000000	0.000000	0.000000	0.000000
Oryzias_latipes	P	1419	7.694856	13	125.982000	0.009161	0.088782	-3.276634
Oryzias_latipes	Q	797	8.606023	0	0.000000	0.000000	0.000000	0.000000
Oryzias_latipes	R	69	6.405797	0	0.000000	0.000000	0.000000	0.000000
Oryzias_latipes	S	1815	7.771350	0	0.000000	0.000000	0.000000	0.000000
Oryzias_latipes	T	223	7.103139	0	0.000000	0.000000	0.000000	0.000000
Oryzias_latipes	V	2	8.500000	0	0.000000	0.000000	0.000000	0.000000
Oryzias_latipes	Y	7	7.714286	0	0.000000	0.000000	0.000000	0.000000
