species	aa	n_runs	mean_run_len	obs_risky_count	exp_risky_count	obs_risky_frac	exp_risky_frac	log2_enrichment_obs_over_exp
Plasmodium_falciparum	A	1	6.000000	0	0.000000	0.000000	0.000000	0.000000
Plasmodium_falciparum	C	1	8.000000	0	0.000000	0.000000	0.000000	0.000000
Plasmodium_falciparum	D	186	8.026882	0	0.000000	0.000000	0.000000	0.000000
Plasmodium_falciparum	E	130	8.530769	0	0.000000	0.000000	0.000000	0.000000
Plasmodium_falciparum	F	8	7.375000	7	7.198000	0.875000	0.899750	-0.040241
Plasmodium_falciparum	G	9	6.222222	0	0.036000	0.000000	0.004000	-21.931569
Plasmodium_falciparum	H	13	7.153846	0	0.000000	0.000000	0.000000	0.000000
Plasmodium_falciparum	I	1	6.000000	0	0.000000	0.000000	0.000000	0.000000
Plasmodium_falciparum	K	649	7.167951	556	567.912000	0.856703	0.875057	-0.030583
Plasmodium_falciparum	L	7	6.714286	0	0.000000	0.000000	0.000000	0.000000
Plasmodium_falciparum	M	1	6.000000	0	0.000000	0.000000	0.000000	0.000000
Plasmodium_falciparum	N	3429	9.307378	0	0.000000	0.000000	0.000000	0.000000
Plasmodium_falciparum	P	9	6.555556	0	0.048000	0.000000	0.005333	-22.346606
Plasmodium_falciparum	Q	24	11.833333	0	0.000000	0.000000	0.000000	0.000000
Plasmodium_falciparum	R	8	6.375000	0	0.000000	0.000000	0.000000	0.000000
Plasmodium_falciparum	S	81	7.777778	0	0.000000	0.000000	0.000000	0.000000
Plasmodium_falciparum	T	24	7.875000	0	0.000000	0.000000	0.000000	0.000000
Plasmodium_falciparum	Y	11	7.636364	0	0.000000	0.000000	0.000000	0.000000
