species	aa	n_runs	mean_run_len	obs_risky_count	exp_risky_count	obs_risky_frac	exp_risky_frac	log2_enrichment_obs_over_exp
Xenopus_tropicalis	A	233	7.815451	0	0.000000	0.000000	0.000000	0.000000
Xenopus_tropicalis	C	7	6.285714	0	0.000000	0.000000	0.000000	0.000000
Xenopus_tropicalis	D	181	7.602210	0	0.000000	0.000000	0.000000	0.000000
Xenopus_tropicalis	E	526	7.545627	0	0.000000	0.000000	0.000000	0.000000
Xenopus_tropicalis	G	161	8.068323	1	9.296000	0.006211	0.057739	-3.216610
Xenopus_tropicalis	H	111	9.270270	0	0.000000	0.000000	0.000000	0.000000
Xenopus_tropicalis	I	1	6.000000	0	0.000000	0.000000	0.000000	0.000000
Xenopus_tropicalis	K	173	6.658960	2	70.148000	0.011561	0.405480	-5.132330
Xenopus_tropicalis	L	85	6.447059	0	0.000000	0.000000	0.000000	0.000000
Xenopus_tropicalis	M	5	7.600000	0	0.000000	0.000000	0.000000	0.000000
Xenopus_tropicalis	N	15	6.133333	0	0.000000	0.000000	0.000000	0.000000
Xenopus_tropicalis	P	635	7.209449	8	31.412000	0.012598	0.049468	-1.973244
Xenopus_tropicalis	Q	281	9.911032	0	0.000000	0.000000	0.000000	0.000000
Xenopus_tropicalis	R	36	6.722222	0	0.000000	0.000000	0.000000	0.000000
Xenopus_tropicalis	S	489	7.883436	0	0.000000	0.000000	0.000000	0.000000
Xenopus_tropicalis	T	163	7.613497	0	0.000000	0.000000	0.000000	0.000000
Xenopus_tropicalis	V	7	6.000000	0	0.000000	0.000000	0.000000	0.000000
