species	aa	n_runs	mean_run_len	obs_risky_count	exp_risky_count	obs_risky_frac	exp_risky_frac	log2_enrichment_obs_over_exp
Strongylocentrotus_purpuratus	A	230	7.639130	0	0.000000	0.000000	0.000000	0.000000
Strongylocentrotus_purpuratus	C	6	7.166667	0	0.000000	0.000000	0.000000	0.000000
Strongylocentrotus_purpuratus	D	413	7.334140	0	0.000000	0.000000	0.000000	0.000000
Strongylocentrotus_purpuratus	E	687	7.505095	0	0.000000	0.000000	0.000000	0.000000
Strongylocentrotus_purpuratus	F	2	6.000000	0	0.366000	0.000000	0.183000	-27.447268
Strongylocentrotus_purpuratus	G	672	7.604167	0	19.016000	0.000000	0.028298	-24.754177
Strongylocentrotus_purpuratus	H	74	7.783784	0	0.000000	0.000000	0.000000	0.000000
Strongylocentrotus_purpuratus	I	7	6.285714	0	0.000000	0.000000	0.000000	0.000000
Strongylocentrotus_purpuratus	K	204	7.142157	2	46.776000	0.009804	0.229294	-4.547696
Strongylocentrotus_purpuratus	L	29	6.344828	0	0.000000	0.000000	0.000000	0.000000
Strongylocentrotus_purpuratus	M	2	7.500000	0	0.000000	0.000000	0.000000	0.000000
Strongylocentrotus_purpuratus	N	15	6.533333	0	0.000000	0.000000	0.000000	0.000000
Strongylocentrotus_purpuratus	P	301	8.455150	21	16.672000	0.069767	0.055389	0.332962
Strongylocentrotus_purpuratus	Q	847	9.083825	0	0.000000	0.000000	0.000000	0.000000
Strongylocentrotus_purpuratus	R	33	6.727273	0	0.000000	0.000000	0.000000	0.000000
Strongylocentrotus_purpuratus	S	558	7.939068	0	0.000000	0.000000	0.000000	0.000000
Strongylocentrotus_purpuratus	T	140	7.364286	0	0.000000	0.000000	0.000000	0.000000
Strongylocentrotus_purpuratus	V	18	6.777778	0	0.000000	0.000000	0.000000	0.000000
Strongylocentrotus_purpuratus	W	1	6.000000	0	0.000000	0.000000	0.000000	0.000000
Strongylocentrotus_purpuratus	Y	2	8.500000	0	0.000000	0.000000	0.000000	0.000000
