species	aa	n_runs	mean_run_len	obs_risky_count	exp_risky_count	obs_risky_frac	exp_risky_frac	log2_enrichment_obs_over_exp
HSV1	A	2	6.000000	0	0.000000	0.000000	0.000000	0.000000
HSV1	D	3	6.666667	0	0.000000	0.000000	0.000000	0.000000
HSV1	E	1	7.000000	0	0.000000	0.000000	0.000000	0.000000
HSV1	R	1	6.000000	0	0.000000	0.000000	0.000000	0.000000
HSV1	S	4	6.500000	0	0.000000	0.000000	0.000000	0.000000
