species	transcript_id	gene_id	chrom	strand	protein_len	aa	aa_start	aa_end	aa_len	codon_entropy	codon_gini_simpson	n_unique_codons	dna_len	obs_max_nt_homopolymer	obs_risky	random_expected_max_nt_homopolymer	p_random_risky	p_random_safe	random_expected_risky_count	dna_A_frac	dna_T_frac	dna_G_frac	dna_C_frac
HSV1	unassigned_transcript_2	HHV1gp00p77	NC_001806.2	+	248	D	74	81	7	0.591673	0.244898	2	21	1	0	1.000000	0.000000	1.000000	0.000000	0.333333	0.047619	0.333333	0.285714
HSV1	unassigned_transcript_51	HHV1gp00p29	NC_001806.2	-	718	D	582	588	6	0.000000	0.000000	1	18	1	0	1.000000	0.000000	1.000000	0.000000	0.333333	0.000000	0.333333	0.333333
HSV1	unassigned_transcript_64	HHV1gp00p16	NC_001806.2	-	248	D	74	81	7	0.591673	0.244898	2	21	1	0	1.000000	0.000000	1.000000	0.000000	0.333333	0.047619	0.333333	0.285714
HSV1	unassigned_transcript_65	HHV1gp00p15	NC_001806.2	-	1298	S	185	191	6	1.000000	0.500000	2	18	2	0	1.930000	0.000000	1.000000	0.000000	0.000000	0.333333	0.166667	0.500000
HSV1	unassigned_transcript_65	HHV1gp00p15	NC_001806.2	-	1298	S	192	199	7	1.448816	0.612245	3	21	2	0	1.968000	0.000000	1.000000	0.000000	0.000000	0.380952	0.142857	0.476190
HSV1	unassigned_transcript_65	HHV1gp00p15	NC_001806.2	-	1298	A	682	688	6	0.918296	0.444444	2	18	2	0	2.000000	0.000000	1.000000	0.000000	0.000000	0.000000	0.444444	0.555556
HSV1	unassigned_transcript_70	HHV1gp00p11	NC_001806.2	+	238	E	78	85	7	0.591673	0.244898	2	21	2	0	2.000000	0.000000	1.000000	0.000000	0.380952	0.000000	0.619048	0.000000
HSV1	unassigned_transcript_76	HHV1gp00p05	NC_001806.2	+	90	R	55	61	6	2.251629	0.777778	5	18	2	0	2.000000	0.000000	1.000000	0.000000	0.222222	0.055556	0.388889	0.333333
HSV1	unassigned_transcript_80	HHV1gp00p01	NC_001806.2	+	1298	S	185	191	6	1.000000	0.500000	2	18	2	0	1.942000	0.000000	1.000000	0.000000	0.000000	0.333333	0.166667	0.500000
HSV1	unassigned_transcript_80	HHV1gp00p01	NC_001806.2	+	1298	S	192	199	7	1.448816	0.612245	3	21	2	0	1.956000	0.000000	1.000000	0.000000	0.000000	0.380952	0.142857	0.476190
HSV1	unassigned_transcript_80	HHV1gp00p01	NC_001806.2	+	1298	A	682	688	6	0.918296	0.444444	2	18	2	0	2.000000	0.000000	1.000000	0.000000	0.000000	0.000000	0.444444	0.555556
